final_loss,model_filename
8.009284973144531,5-48-3-128-2-192-3-128-2-2-0.001
8.00535774230957,9-48-3-128-3-192-3-128-3-2-0.01
