BLEU_Score,eta,filterSize_1,filterSize_2,filterSize_34,filterSize_5,k,numFilters_1,numFilters_2,numFilters_34,numFilters_5,strides
0.00020273072491938494,0.001,5,9,2,3,2,72,128,192,192,3
0.003649153048548929,0.005,3,5,5,3,2,72,128,192,128,3
0.003851883773468314,0.0005,9,5,2,9,2,72,192,192,128,2
0.009122882621372322,0.005,3,5,5,9,2,48,192,128,192,3
