BLEU_Score,eta,filterSize_1,filterSize_2,filterSize_34,filterSize_5,k,numFilters_1,numFilters_2,numFilters_34,numFilters_5,strides
0.010541997695808016,0.01,9,5,3,5,2,72,128,128,128,3
0.010812305329033862,0.0005,3,5,5,3,2,48,192,192,128,2
0.01108261296225971,0.001,5,3,2,3,2,48,128,192,128,2
0.02789283034970807,0.005,9,5,2,5,2,72,192,192,192,3
