,BLEU_Score,eta,filterSize_1,filterSize_2,filterSize_34,filterSize_5,k,numFilters_1,numFilters_2,numFilters_34,numFilters_5,strides,file_name
0,0.010541997695808016,0.01,9,5,3,5,2,72,128,128,128,3,9-72-5-128-3-128-5-128-2-3-0.01
1,0.010812305329033862,0.0005,3,5,5,3,2,48,192,192,128,2,3-48-5-192-5-192-3-128-2-2-0.0005
2,0.01108261296225971,0.001,5,3,2,3,2,48,128,192,128,2,5-48-3-128-2-192-3-128-2-2-0.001
3,0.02789283034970807,0.005,9,5,2,5,2,72,192,192,192,3,9-72-5-192-2-192-5-192-2-3-0.005
